original_ingredients,dmso(mM),fbs(%),sucrose(mM),trehalose(mM),eg(mM),mc(%),hsa(%),hes(%),glycerol(mM),ectoin(%),mgcl2(mM),kh2po4(mM),k2hpo4(mM),pvp(%),proline(mM),viability,cooling_rate,source
1) 0.25 M trehalose in DMEM/Ham F-12,0.0,0.0,0.0,250.0,0.0,0.0,0.0,0.0,0.0,0.0,0.0,0.0,0.0,0.0,0.0,12.5,slow freeze,Literature
2) 5% DMSO in DMEM/Ham F-12,639.9590426212723,0.0,0.0,0.0,0.0,0.0,0.0,0.0,0.0,0.0,0.0,0.0,0.0,0.0,0.0,71.0,slow freeze,Literature
3) 10% DMSO in DMEM/Ham F-12,1279.9180852425445,0.0,0.0,0.0,0.0,0.0,0.0,0.0,0.0,0.0,0.0,0.0,0.0,0.0,0.0,82.0,slow freeze,Literature
4) 5% DMSO + 20% FBS in DMEM/Ham F-12,639.9590426212723,20.0,0.0,0.0,0.0,0.0,0.0,0.0,0.0,0.0,0.0,0.0,0.0,0.0,0.0,82.0,slow freeze,Literature
5) 10% DMSO + 20% FBS in DMEM/Ham F-12,1279.9180852425445,20.0,0.0,0.0,0.0,0.0,0.0,0.0,0.0,0.0,0.0,0.0,0.0,0.0,0.0,84.0,slow freeze,Literature
6) 10% DMSO + 90% FBS in DMEM/Ham F-12,1279.9180852425445,90.0,0.0,0.0,0.0,0.0,0.0,0.0,0.0,0.0,0.0,0.0,0.0,0.0,0.0,82.0,slow freeze,Literature
10% DMSO and 10% FBS,1279.9180852425445,10.0,0.0,0.0,0.0,0.0,0.0,0.0,0.0,0.0,0.0,0.0,0.0,0.0,0.0,85.7,slow freeze,Literature
1) STD10: 10% Me2SO (DMSO) + 4% human albumin (HA) in saline,1279.9180852425445,0.0,0.0,0.0,0.0,0.0,4.0,0.0,0.0,0.0,0.0,0.0,0.0,0.0,0.0,95.2,slow freeze,Literature
2.5%DMSO+30mmol/Ltrehalose,319.97952131063613,0.0,0.0,30.0,0.0,0.0,0.0,0.0,0.0,0.0,0.0,0.0,0.0,0.0,0.0,94.18,mult slow freeze,Literature
10%ethyleneglycol(EG)+ 2.0% DMSO,255.9836170485089,0.0,0.0,0.0,1611.0842597067826,0.0,0.0,0.0,0.0,0.0,0.0,0.0,0.0,0.0,0.0,92.35,mult slow freeze,Literature
"1% HAS, 3.5% DMSO, 2.5% HES",447.9713298348906,0.0,0.0,0.0,0.0,0.0,1.0,2.5,0.0,0.0,0.0,0.0,0.0,0.0,0.0,68.0,slow freeze,Literature
"5% DMSO, 6% HES",639.9590426212723,0.0,0.0,0.0,0.0,0.0,0.0,6.0,0.0,0.0,0.0,0.0,0.0,0.0,0.0,82.25,slow freeze,Literature
10% DMSO,1279.9180852425445,0.0,0.0,0.0,0.0,0.0,0.0,0.0,0.0,0.0,0.0,0.0,0.0,0.0,0.0,90.0,slow freeze,Literature
5% DMSO,639.9590426212723,0.0,0.0,0.0,0.0,0.0,0.0,0.0,0.0,0.0,0.0,0.0,0.0,0.0,0.0,84.7,slow freeze,Literature
5% DMSO,639.9590426212723,0.0,0.0,0.0,0.0,0.0,0.0,0.0,0.0,0.0,0.0,0.0,0.0,0.0,0.0,78.0,slow freeze,Literature
10%  DMSO solution was diluted with ADMEM supplemented with 10%  FBS,1279.9180852425445,0.0,0.0,0.0,0.0,0.0,0.0,0.0,0.0,0.0,0.0,0.0,0.0,0.0,0.0,81.2,rapid freeze,Literature
"ADMEM containing 10%  FBS by dissolving 0.05 M glucose, 0.05 M sucrose and 1.5 M ethylene glycol",0.0,10.0,50.0,0.0,1500.0,0.0,0.0,0.0,0.0,0.0,0.0,0.0,0.0,0.0,0.0,70.0,rapid freeze,Literature
10%PVP,0.0,0.0,0.0,0.0,0.0,0.0,0.0,0.0,0.0,0.0,0.0,0.0,0.0,10.0,0.0,6.8,rapid freeze,Literature
10%  DMSO solution was diluted with ADMEM,1279.9180852425445,0.0,0.0,0.0,0.0,0.0,0.0,0.0,0.0,0.0,0.0,0.0,0.0,0.0,0.0,58.0,rapid freeze,Literature
10% HES450,0.0,0.0,0.0,0.0,0.0,0.0,0.0,10.0,0.0,0.0,0.0,0.0,0.0,0.0,0.0,10.0,rapid freeze,Literature
"1% DMSO, 9% HES450",127.99180852425445,0.0,0.0,0.0,0.0,0.0,0.0,9.0,0.0,0.0,0.0,0.0,0.0,0.0,0.0,17.0,rapid freeze,Literature
"2% DMSO, 8% HES450",255.9836170485089,0.0,0.0,0.0,0.0,0.0,0.0,8.0,0.0,0.0,0.0,0.0,0.0,0.0,0.0,20.0,rapid freeze,Literature
"3% DMSO, 7% HES450",383.97542557276336,0.0,0.0,0.0,0.0,0.0,0.0,7.0,0.0,0.0,0.0,0.0,0.0,0.0,0.0,22.0,rapid freeze,Literature
"4% DMSO, 6% HES450",511.9672340970178,0.0,0.0,0.0,0.0,0.0,0.0,6.0,0.0,0.0,0.0,0.0,0.0,0.0,0.0,50.0,rapid freeze,Literature
"5% DMSO,5% HES450",639.9590426212723,0.0,0.0,0.0,0.0,0.0,0.0,5.0,0.0,0.0,0.0,0.0,0.0,0.0,0.0,80.0,rapid freeze,Literature
"6% DMSO, 4% HES450",767.9508511455267,0.0,0.0,0.0,0.0,0.0,0.0,4.0,0.0,0.0,0.0,0.0,0.0,0.0,0.0,70.0,rapid freeze,Literature
"7% DMSO, 3% HES450",895.9426596697812,0.0,0.0,0.0,0.0,0.0,0.0,3.0,0.0,0.0,0.0,0.0,0.0,0.0,0.0,100.0,rapid freeze,Literature
"8% DMSO, 2% HES450",1023.9344681940356,0.0,0.0,0.0,0.0,0.0,0.0,2.0,0.0,0.0,0.0,0.0,0.0,0.0,0.0,100.0,rapid freeze,Literature
"9% DMSO, 1% HES450",1151.9262767182902,0.0,0.0,0.0,0.0,0.0,0.0,1.0,0.0,0.0,0.0,0.0,0.0,0.0,0.0,80.0,rapid freeze,Literature
10% DMSO,1279.9180852425445,0.0,0.0,0.0,0.0,0.0,0.0,0.0,0.0,0.0,0.0,0.0,0.0,0.0,0.0,90.0,rapid freeze,Literature
a-MEM+200mM sucrose (culture medium with 10% PL),0.0,0.0,200.0,0.0,0.0,0.0,0.0,0.0,0.0,0.0,0.0,0.0,0.0,0.0,0.0,58.0,slow freeze,Literature
a-MEM+200mM sucrose (culture medium with 10% FS),0.0,0.0,200.0,0.0,0.0,0.0,0.0,0.0,0.0,0.0,0.0,0.0,0.0,0.0,0.0,45.0,slow freeze,Literature
100% 4.5% HAS,0.0,0.0,0.0,0.0,0.0,0.0,100.0,0.0,0.0,0.0,0.0,0.0,0.0,0.0,0.0,5.16,slow freeze,Literature
"0.5% DMSO, 99.5% HAS",63.995904262127226,0.0,0.0,0.0,0.0,0.0,99.5,0.0,0.0,0.0,0.0,0.0,0.0,0.0,0.0,22.0,slow freeze,Literature
"1% DMSO, 99% HAS",127.99180852425445,0.0,0.0,0.0,0.0,0.0,99.0,0.0,0.0,0.0,0.0,0.0,0.0,0.0,0.0,28.0,slow freeze,Literature
"2% DMSO, 98% HAS",255.9836170485089,0.0,0.0,0.0,0.0,0.0,98.0,0.0,0.0,0.0,0.0,0.0,0.0,0.0,0.0,65.0,slow freeze,Literature
"4% DMSO, 96% HAS",511.9672340970178,0.0,0.0,0.0,0.0,0.0,96.0,0.0,0.0,0.0,0.0,0.0,0.0,0.0,0.0,68.0,slow freeze,Literature
"5% DMSO, 95% HAS",639.9590426212723,0.0,0.0,0.0,0.0,0.0,95.0,0.0,0.0,0.0,0.0,0.0,0.0,0.0,0.0,85.65,slow freeze,Literature
"10% DMSO, 90% HAS",1279.9180852425445,0.0,0.0,0.0,0.0,0.0,90.0,0.0,0.0,0.0,0.0,0.0,0.0,0.0,0.0,88.5,slow freeze,Literature
"15% DMSO, 85% HAS",1919.877127863817,0.0,0.0,0.0,0.0,0.0,85.0,0.0,0.0,0.0,0.0,0.0,0.0,0.0,0.0,70.6,slow freeze,Literature
"20% DMSO, 80% HAS",2559.836170485089,0.0,0.0,0.0,0.0,0.0,80.0,0.0,0.0,0.0,0.0,0.0,0.0,0.0,0.0,64.1,slow freeze,Literature
0.3M Trehalose in phosphate buffer saline (PBS),0.0,0.0,0.0,300.0,0.0,0.0,0.0,0.0,0.0,0.0,0.0,0.0,0.0,0.0,0.0,47.0,slow freeze,Literature
0.6M Trehalose in PBS,0.0,0.0,0.0,600.0,0.0,0.0,0.0,0.0,0.0,0.0,0.0,0.0,0.0,0.0,0.0,56.0,slow freeze,Literature
1.0M Trehalose in PBS,0.0,0.0,0.0,1000.0,0.0,0.0,0.0,0.0,0.0,0.0,0.0,0.0,0.0,0.0,0.0,65.0,slow freeze,Literature
1.25M Trehalose in PBS,0.0,0.0,0.0,1250.0,0.0,0.0,0.0,0.0,0.0,0.0,0.0,0.0,0.0,0.0,0.0,58.0,slow freeze,Literature
10% Glycerol in PBS,0.0,0.0,0.0,0.0,0.0,0.0,0.0,0.0,1085.894233901618,0.0,0.0,0.0,0.0,0.0,0.0,54.0,slow freeze,Literature
20% Glycerol in PBS,0.0,0.0,0.0,0.0,0.0,0.0,0.0,0.0,2171.788467803236,0.0,0.0,0.0,0.0,0.0,0.0,63.0,slow freeze,Literature
30% Glycerol in PBS,0.0,0.0,0.0,0.0,0.0,0.0,0.0,0.0,3257.682701704854,0.0,0.0,0.0,0.0,0.0,0.0,50.0,slow freeze,Literature
1.0M Trehalose + 20% Glycerol in PBS,0.0,0.0,0.0,1000.0,0.0,0.0,0.0,0.0,2171.788467803236,0.0,0.0,0.0,0.0,0.0,0.0,77.0,slow freeze,Literature
10% DMSO + 90% FBS,1279.9180852425445,90.0,0.0,0.0,0.0,0.0,0.0,0.0,0.0,0.0,0.0,0.0,0.0,0.0,0.0,75.0,slow freeze,Literature
10% DMSO,1279.9180852425445,0.0,0.0,0.0,0.0,0.0,0.0,0.0,0.0,0.0,0.0,0.0,0.0,0.0,0.0,80.0,rapid freeze,Literature
7.5% DMSO,959.9385639319084,0.0,0.0,0.0,0.0,0.0,0.0,0.0,0.0,0.0,0.0,0.0,0.0,0.0,0.0,84.0,rapid freeze,Literature
10% DMSO + 30% FBS,1279.9180852425445,30.0,0.0,0.0,0.0,0.0,0.0,0.0,0.0,0.0,0.0,0.0,0.0,0.0,0.0,92.0,slow freeze,Literature
2.5% DMSO + 30% FBS,319.97952131063613,30.0,0.0,0.0,0.0,0.0,0.0,0.0,0.0,0.0,0.0,0.0,0.0,0.0,0.0,47.0,slow freeze,Literature
⍺-MEM 20% FBS + 5% DMSO,639.9590426212723,20.0,0.0,0.0,0.0,0.0,0.0,0.0,0.0,0.0,0.0,0.0,0.0,0.0,0.0,87.0,slow freeze,Literature
⍺-MEM 20% FBS + 10% DMSO,1279.9180852425445,20.0,0.0,0.0,0.0,0.0,0.0,0.0,0.0,0.0,0.0,0.0,0.0,0.0,0.0,95.0,slow freeze,Literature
⍺-MEM 20% FBS + 5% Glycerol,0.0,20.0,0.0,0.0,0.0,0.0,0.0,0.0,542.947116950809,0.0,0.0,0.0,0.0,0.0,0.0,78.0,slow freeze,Literature
⍺-MEM 20% FBS + 10% Glycerol,0.0,20.0,0.0,0.0,0.0,0.0,0.0,0.0,1085.894233901618,0.0,0.0,0.0,0.0,0.0,0.0,83.0,slow freeze,Literature
⍺-MEM 20% FBS + 30 mM Sucrose,0.0,20.0,30.0,0.0,0.0,0.0,0.0,0.0,0.0,0.0,0.0,0.0,0.0,0.0,0.0,21.0,slow freeze,Literature
⍺-MEM 20% FBS + 60 mM Sucrose,0.0,20.0,60.0,0.0,0.0,0.0,0.0,0.0,0.0,0.0,0.0,0.0,0.0,0.0,0.0,28.0,slow freeze,Literature
⍺-MEM 20% FBS + 60 mM Trehalose,0.0,20.0,0.0,60.0,0.0,0.0,0.0,0.0,0.0,0.0,0.0,0.0,0.0,0.0,0.0,36.0,slow freeze,Literature
⍺-MEM 20% FBS + 100 mM Trehalose,0.0,20.0,0.0,100.0,0.0,0.0,0.0,0.0,0.0,0.0,0.0,0.0,0.0,0.0,0.0,38.0,slow freeze,Literature
10% DMSO in A-DMEM + 10% FBS,1279.9180852425445,10.0,0.0,0.0,0.0,0.0,0.0,0.0,0.0,0.0,0.0,0.0,0.0,0.0,0.0,29.7,slow freeze,Literature
10% DMSO in A-DMEM + 10% FBS,1279.9180852425445,10.0,0.0,0.0,0.0,0.0,0.0,0.0,0.0,0.0,0.0,0.0,0.0,0.0,0.0,35.3,mult slow freeze,Literature
10% DMEM + 80% FCS + 10% DMSO,1279.9180852425445,80.0,0.0,0.0,0.0,0.0,0.0,0.0,0.0,0.0,0.0,0.0,0.0,0.0,0.0,84.1,slow freeze,Literature
1% PVP + 99% DMEM,0.0,0.0,0.0,0.0,0.0,0.0,0.0,0.0,0.0,0.0,0.0,0.0,0.0,1.0,0.0,5.7,slow freeze,Literature
5% PVP + 95% DMEM,0.0,0.0,0.0,0.0,0.0,0.0,0.0,0.0,0.0,0.0,0.0,0.0,0.0,5.0,0.0,49.3,slow freeze,Literature
10% PVP + 90% DMEM,0.0,0.0,0.0,0.0,0.0,0.0,0.0,0.0,0.0,0.0,0.0,0.0,0.0,10.0,0.0,69.7,slow freeze,Literature
20% PVP + 80% DMEM,0.0,0.0,0.0,0.0,0.0,0.0,0.0,0.0,0.0,0.0,0.0,0.0,0.0,20.0,0.0,55.5,slow freeze,Literature
40% PVP + 60% DMEM,0.0,0.0,0.0,0.0,0.0,0.0,0.0,0.0,0.0,0.0,0.0,0.0,0.0,40.0,0.0,4.6,slow freeze,Literature
5% PVP + 85% DMEM + 10% FCS,0.0,10.0,0.0,0.0,0.0,0.0,0.0,0.0,0.0,0.0,0.0,0.0,0.0,5.0,0.0,55.4,slow freeze,Literature
10% PVP + 80% DMEM + 10% FCS,0.0,10.0,0.0,0.0,0.0,0.0,0.0,0.0,0.0,0.0,0.0,0.0,0.0,10.0,0.0,69.2,slow freeze,Literature
20% PVP + 70% DMEM + 10% FCS,0.0,10.0,0.0,0.0,0.0,0.0,0.0,0.0,0.0,0.0,0.0,0.0,0.0,20.0,0.0,64.3,slow freeze,Literature
10% PVP + 50% DMEM + 40% FCS,0.0,40.0,0.0,0.0,0.0,0.0,0.0,0.0,0.0,0.0,0.0,0.0,0.0,10.0,0.0,70.5,slow freeze,Literature
10% PVP + 10% DMEM + 80% FCS,0.0,80.0,0.0,0.0,0.0,0.0,0.0,0.0,0.0,0.0,0.0,0.0,0.0,10.0,0.0,72.5,slow freeze,Literature
DMEM + 80% FCS + 10% DMSO,1279.9180852425445,80.0,0.0,0.0,0.0,0.0,0.0,0.0,0.0,0.0,0.0,0.0,0.0,0.0,0.0,84.1,slow freeze,Literature
DMEM + 2% DMSO,255.9836170485089,0.0,0.0,0.0,0.0,0.0,0.0,0.0,0.0,0.0,0.0,0.0,0.0,0.0,0.0,83.8,slow freeze,Literature
DMEM + 4% DMSO,511.9672340970178,0.0,0.0,0.0,0.0,0.0,0.0,0.0,0.0,0.0,0.0,0.0,0.0,0.0,0.0,80.6,slow freeze,Literature
DMEM + 6% DMSO,767.9508511455267,0.0,0.0,0.0,0.0,0.0,0.0,0.0,0.0,0.0,0.0,0.0,0.0,0.0,0.0,86.0,slow freeze,Literature
DMEM + 8% DMSO,1023.9344681940356,0.0,0.0,0.0,0.0,0.0,0.0,0.0,0.0,0.0,0.0,0.0,0.0,0.0,0.0,85.6,slow freeze,Literature
DMEM + 10% DMSO,1279.9180852425445,0.0,0.0,0.0,0.0,0.0,0.0,0.0,0.0,0.0,0.0,0.0,0.0,0.0,0.0,87.9,slow freeze,Literature
DMEM + 1% MC,0.0,0.0,0.0,0.0,0.0,1.0,0.0,0.0,0.0,0.0,0.0,0.0,0.0,0.0,0.0,46.8,slow freeze,Literature
DMEM + 1% MC + 10% FCS,0.0,10.0,0.0,0.0,0.0,1.0,0.0,0.0,0.0,0.0,0.0,0.0,0.0,0.0,0.0,40.0,slow freeze,Literature
DMEM + 1% MC + 10% DMSO,1279.9180852425445,0.0,0.0,0.0,0.0,1.0,0.0,0.0,0.0,0.0,0.0,0.0,0.0,0.0,0.0,79.8,slow freeze,Literature
10% DMSO  in α-MEM,1279.9180852425445,0.0,0.0,0.0,0.0,0.0,0.0,0.0,0.0,0.0,0.0,0.0,0.0,0.0,0.0,82.7,slow freeze,Literature
10% DMSO + 10% FBS in α-MEM,1279.9180852425445,10.0,0.0,0.0,0.0,0.0,0.0,0.0,0.0,0.0,0.0,0.0,0.0,0.0,0.0,83.8,slow freeze,Literature
10% DMSO + 90% FBS in α-MEM,1279.9180852425445,90.0,0.0,0.0,0.0,0.0,0.0,0.0,0.0,0.0,0.0,0.0,0.0,0.0,0.0,90.2,slow freeze,Literature
DMSO 10% in DMEM (control),1279.9180852425445,0.0,0.0,0.0,0.0,0.0,0.0,0.0,0.0,0.0,0.0,0.0,0.0,0.0,0.0,25.0,slow freeze,Literature
10% DMSO + 2%FBS (control),1279.9180852425445,2.0,0.0,0.0,0.0,0.0,0.0,0.0,0.0,0.0,0.0,0.0,0.0,0.0,0.0,65.0,slow freeze,Literature
5% DMSO + 2%FBS,639.9590426212723,2.0,0.0,0.0,0.0,0.0,0.0,0.0,0.0,0.0,0.0,0.0,0.0,0.0,0.0,63.0,slow freeze,Literature
3% DMSO + 2%FBS,383.97542557276336,2.0,0.0,0.0,0.0,0.0,0.0,0.0,0.0,0.0,0.0,0.0,0.0,0.0,0.0,67.0,slow freeze,Literature
5% DMSO + 0.1% HMW-HA + 2%FBS,639.9590426212723,2.0,0.0,0.0,0.0,0.0,0.1,0.0,0.0,0.0,0.0,0.0,0.0,0.0,0.0,75.0,slow freeze,Literature
5% DMSO + 0.2% HMW-HA + 2%FBS,639.9590426212723,2.0,0.0,0.0,0.0,0.0,0.2,0.0,0.0,0.0,0.0,0.0,0.0,0.0,0.0,70.0,slow freeze,Literature
3% DMSO + 0.1% HMW-HA + 2%FBS,383.97542557276336,2.0,0.0,0.0,0.0,0.0,0.1,0.0,0.0,0.0,0.0,0.0,0.0,0.0,0.0,70.0,slow freeze,Literature
PBS + 0.1% methylcellulose + 1% proline + 1% ectoin,0.0,0.0,0.0,0.0,0.0,0.1,0.0,0.0,0.0,1.0,0.0,0.0,0.0,0.0,86.85833405715279,68.0,slow freeze,Literature
PBS + 0.1% methylcellulose + 1% proline + 1% ectoin,0.0,0.0,0.0,0.0,0.0,0.1,0.0,0.0,0.0,1.0,0.0,0.0,0.0,0.0,86.85833405715279,76.0,slow freeze,Literature
PBS + 0.1% methylcellulose + 1% proline + 1% ectoin,0.0,0.0,0.0,0.0,0.0,0.1,0.0,0.0,0.0,1.0,0.0,0.0,0.0,0.0,86.85833405715279,66.0,slow freeze,Literature
PBS + 0.1% methylcellulose + 1% proline + 10% ectoin,0.0,0.0,0.0,0.0,0.0,0.1,0.0,0.0,0.0,10.0,0.0,0.0,0.0,0.0,86.85833405715279,62.0,slow freeze,Literature
PBS + 0.1% methylcellulose + 1% proline + 10% ectoin,0.0,0.0,0.0,0.0,0.0,0.1,0.0,0.0,0.0,10.0,0.0,0.0,0.0,0.0,86.85833405715279,81.0,slow freeze,Literature
PBS + 0.1% methylcellulose + 1% proline + 10% ectoin,0.0,0.0,0.0,0.0,0.0,0.1,0.0,0.0,0.0,10.0,0.0,0.0,0.0,0.0,86.85833405715279,66.0,slow freeze,Literature
PBS + 0.1% methylcellulose + 5% proline + 5% ectoin,0.0,0.0,0.0,0.0,0.0,0.1,0.0,0.0,0.0,5.0,0.0,0.0,0.0,0.0,434.2916702857639,65.0,slow freeze,Literature
PBS + 0.1% methylcellulose + 5% proline + 5% ectoin,0.0,0.0,0.0,0.0,0.0,0.1,0.0,0.0,0.0,5.0,0.0,0.0,0.0,0.0,434.2916702857639,86.0,slow freeze,Literature
PBS + 0.1% methylcellulose + 5% proline + 5% ectoin,0.0,0.0,0.0,0.0,0.0,0.1,0.0,0.0,0.0,5.0,0.0,0.0,0.0,0.0,434.2916702857639,84.0,slow freeze,Literature
PBS + 0.1% methylcellulose + 10% proline + 1% ectoin,0.0,0.0,0.0,0.0,0.0,0.1,0.0,0.0,0.0,1.0,0.0,0.0,0.0,0.0,868.5833405715279,58.0,slow freeze,Literature
PBS + 0.1% methylcellulose + 10% proline + 1% ectoin,0.0,0.0,0.0,0.0,0.0,0.1,0.0,0.0,0.0,1.0,0.0,0.0,0.0,0.0,868.5833405715279,67.0,slow freeze,Literature
PBS + 0.1% methylcellulose + 10% proline + 1% ectoin,0.0,0.0,0.0,0.0,0.0,0.1,0.0,0.0,0.0,1.0,0.0,0.0,0.0,0.0,868.5833405715279,70.0,slow freeze,Literature
PBS + 0.1% methylcellulose + 10% proline + 10% ectoin,0.0,0.0,0.0,0.0,0.0,0.1,0.0,0.0,0.0,10.0,0.0,0.0,0.0,0.0,868.5833405715279,68.0,slow freeze,Literature
PBS + 0.1% methylcellulose + 10% proline + 10% ectoin,0.0,0.0,0.0,0.0,0.0,0.1,0.0,0.0,0.0,10.0,0.0,0.0,0.0,0.0,868.5833405715279,72.0,slow freeze,Literature
PBS + 0.1% methylcellulose + 10% proline + 10% ectoin,0.0,0.0,0.0,0.0,0.0,0.1,0.0,0.0,0.0,10.0,0.0,0.0,0.0,0.0,868.5833405715279,72.0,slow freeze,Literature
PBS + 0.1% methylcellulose + 10% DMSO (positive control),1279.9180852425445,0.0,0.0,0.0,0.0,0.1,0.0,0.0,0.0,0.0,0.0,0.0,0.0,0.0,0.0,91.0,slow freeze,Literature
PBS + 0.1% methylcellulose (negative control),0.0,0.0,0.0,0.0,0.0,0.1,0.0,0.0,0.0,0.0,0.0,0.0,0.0,0.0,0.0,38.0,slow freeze,Literature
Culture medium + 10% DMSO,1279.9180852425445,0.0,0.0,0.0,0.0,0.0,0.0,0.0,0.0,0.0,0.0,0.0,0.0,0.0,0.0,59.5,slow freeze,Literature
"6.5M EG, 0.5M Sucrose in PBS",0.0,0.0,500.0,0.0,6500.0,0.0,0.0,0.0,0.0,0.0,0.0,0.0,0.0,0.0,0.0,50.0,slow freeze,Literature
"6.5M EG, 0.5M Sucrose in PBS",0.0,0.0,500.0,0.0,6500.0,0.0,0.0,0.0,0.0,0.0,0.0,0.0,0.0,0.0,0.0,95.0,slow freeze,Literature
"6.5M EG, 0.5M Sucrose in PBS",0.0,0.0,500.0,0.0,6500.0,0.0,0.0,0.0,0.0,0.0,0.0,0.0,0.0,0.0,0.0,98.0,slow freeze,Literature
"6.5M EG, 0.5M Sucrose in PBS",0.0,0.0,500.0,0.0,6500.0,0.0,0.0,0.0,0.0,0.0,0.0,0.0,0.0,0.0,0.0,98.0,slow freeze,Literature
"6.5M EG, 0.5M Sucrose in PBS",0.0,0.0,500.0,0.0,6500.0,0.0,0.0,0.0,0.0,0.0,0.0,0.0,0.0,0.0,0.0,98.0,slow freeze,Literature
"50 mM Sucrose in electroporation buffer (10mM K2HPO4, 10mM KH2PO4, 1mM MgCl2)",0.0,0.0,0.0,0.0,0.0,0.0,0.0,0.0,0.0,0.0,2.0,20.0,10.0,0.0,0.0,5.0,slow freeze,Literature
"100 mM Sucrose in electroporation buffer (10mM K2HPO4, 10mM KH2PO4, 1mM MgCl2)",0.0,0.0,0.0,0.0,0.0,0.0,0.0,0.0,0.0,0.0,2.0,20.0,10.0,0.0,0.0,17.0,slow freeze,Literature
"150 mM Sucrose in electroporation buffer (10mM K2HPO4, 10mM KH2PO4, 1mM MgCl2)",0.0,0.0,0.0,0.0,0.0,0.0,0.0,0.0,0.0,0.0,2.0,20.0,10.0,0.0,0.0,60.0,slow freeze,Literature
"400 mM Sucrose in electroporation buffer (10mM K2HPO4, 10mM KH2PO4, 1mM MgCl2)",0.0,0.0,0.0,0.0,0.0,0.0,0.0,0.0,0.0,0.0,2.0,20.0,10.0,0.0,0.0,80.0,slow freeze,Literature
"50 mM Trehalose in electroporation buffer (10mM K2HPO4, 10mM KH2PO4, 1mM MgCl2)",0.0,0.0,0.0,0.0,0.0,0.0,0.0,0.0,0.0,0.0,2.0,20.0,10.0,0.0,0.0,3.0,slow freeze,Literature
"100 mM Trehalose in electroporation buffer (10mM K2HPO4, 10mM KH2PO4, 1mM MgCl2)",0.0,0.0,0.0,0.0,0.0,0.0,0.0,0.0,0.0,0.0,2.0,20.0,10.0,0.0,0.0,14.0,slow freeze,Literature
"150 mM Trehalose in electroporation buffer (10mM K2HPO4, 10mM KH2PO4, 1mM MgCl2)",0.0,0.0,0.0,0.0,0.0,0.0,0.0,0.0,0.0,0.0,2.0,20.0,10.0,0.0,0.0,62.0,slow freeze,Literature
"400 mM Trehalose in electroporation buffer (10mM K2HPO4, 10mM KH2PO4, 1mM MgCl2)",0.0,0.0,0.0,0.0,0.0,0.0,0.0,0.0,0.0,0.0,2.0,20.0,10.0,0.0,0.0,78.0,slow freeze,Literature
"50 mM Raffinose in electroporation buffer (10mM K2HPO4, 10mM KH2PO4, 1mM MgCl2)",0.0,0.0,0.0,0.0,0.0,0.0,0.0,0.0,0.0,0.0,2.0,20.0,10.0,0.0,0.0,7.0,slow freeze,Literature
"100 mM Raffinose in electroporation buffer (10mM K2HPO4, 10mM KH2PO4, 1mM MgCl2)",0.0,0.0,0.0,0.0,0.0,0.0,0.0,0.0,0.0,0.0,2.0,20.0,10.0,0.0,0.0,19.0,slow freeze,Literature
"150 mM Raffinose in electroporation buffer (10mM K2HPO4, 10mM KH2PO4, 1mM MgCl2)",0.0,0.0,0.0,0.0,0.0,0.0,0.0,0.0,0.0,0.0,2.0,20.0,10.0,0.0,0.0,75.0,slow freeze,Literature
"400 mM RAffinose in electroporation buffer (10mM K2HPO4, 10mM KH2PO4, 1mM MgCl2)",0.0,0.0,0.0,0.0,0.0,0.0,0.0,0.0,0.0,0.0,2.0,20.0,10.0,0.0,0.0,80.0,slow freeze,Literature
DMEM+20% FBS+10% DMSO,1279.9180852425445,20.0,0.0,0.0,0.0,0.0,0.0,0.0,0.0,0.0,0.0,0.0,0.0,0.0,0.0,91.0,slow freeze,Literature
DMEM+0.5M trehalose,0.0,0.0,0.0,500.0,0.0,0.0,0.0,0.0,0.0,0.0,0.0,0.0,0.0,0.0,0.0,99.0,slow freeze,Literature
DMEM+ 10% DMSO,1279.9180852425445,0.0,0.0,0.0,0.0,0.0,0.0,0.0,0.0,0.0,0.0,0.0,0.0,0.0,0.0,99.0,slow freeze,Literature
DMEM+ 10% EG,0.0,0.0,0.0,0.0,1611.0842597067826,0.0,0.0,0.0,0.0,0.0,0.0,0.0,0.0,0.0,0.0,83.0,slow freeze,Literature
DMEM+0.5M trehalose+ 10% DMSO,1279.9180852425445,0.0,0.0,500.0,0.0,0.0,0.0,0.0,0.0,0.0,0.0,0.0,0.0,0.0,0.0,99.0,slow freeze,Literature
DMEM+0.5M trehalose + 10% EG,0.0,0.0,0.0,500.0,1611.0842597067826,0.0,0.0,0.0,0.0,0.0,0.0,0.0,0.0,0.0,0.0,87.0,slow freeze,Literature
culture medium + 20% FBS + 10% DMSO,1279.9180852425445,20.0,0.0,0.0,0.0,0.0,0.0,0.0,0.0,0.0,0.0,0.0,0.0,0.0,0.0,85.0,rapid freeze,Literature
culture medium + 20% FBS + 5% DMSO + 60 mM Trehalose,639.9590426212723,20.0,0.0,60.0,0.0,0.0,0.0,0.0,0.0,0.0,0.0,0.0,0.0,0.0,0.0,10.0,rapid freeze,Literature
culture medium + 20% FBS + 2.5% DMSO + 30 mM Trehalose,319.97952131063613,20.0,0.0,30.0,0.0,0.0,0.0,0.0,0.0,0.0,0.0,0.0,0.0,0.0,0.0,10.0,rapid freeze,Literature
culture medium + 20% FBS + 264 mM Trehalose,0.0,20.0,0.0,264.0,0.0,0.0,0.0,0.0,0.0,0.0,0.0,0.0,0.0,0.0,0.0,10.0,rapid freeze,Literature
culture medium + 5% DMSO + 20% FBS + 500 mM Trehalose,639.9590426212723,20.0,0.0,500.0,0.0,0.0,0.0,0.0,0.0,0.0,0.0,0.0,0.0,0.0,0.0,73.0,rapid freeze,Literature
culture medium + 5% DMSO + 4% HES + 4% FBS,639.9590426212723,4.0,0.0,0.0,0.0,0.0,0.0,4.0,0.0,0.0,0.0,0.0,0.0,0.0,0.0,38.0,rapid freeze,Literature
culture medium + 10% DMSO + 12% HES + 8% FBS,1279.9180852425445,8.0,0.0,0.0,0.0,0.0,0.0,12.0,0.0,0.0,0.0,0.0,0.0,0.0,0.0,80.0,rapid freeze,Literature
culture medium + 90% FBS + 10% DMSO,1279.9180852425445,90.0,0.0,0.0,0.0,0.0,0.0,0.0,0.0,0.0,0.0,0.0,0.0,0.0,0.0,90.0,rapid freeze,Literature
0.1 M Sucrose + 10% DMSO + 20% FBS in L-15 media,1279.9180852425445,20.0,100.0,0.0,0.0,0.0,0.0,0.0,0.0,0.0,0.0,0.0,0.0,0.0,0.0,87.0,slow freeze,Literature
0.1 M Sucrose + 10% DMSO + 20% FBS in L-15 media,1279.9180852425445,20.0,100.0,0.0,0.0,0.0,0.0,0.0,0.0,0.0,0.0,0.0,0.0,0.0,0.0,76.0,slow freeze,Literature
0.1 M Sucrose + 10% DMSO + 20% FBS in L-15 media,1279.9180852425445,20.0,100.0,0.0,0.0,0.0,0.0,0.0,0.0,0.0,0.0,0.0,0.0,0.0,0.0,70.0,slow freeze,Literature
0.2 M Trehalose + 10% DMSO + 20% FBS in L-15 media,1279.9180852425445,20.0,0.0,200.0,0.0,0.0,0.0,0.0,0.0,0.0,0.0,0.0,0.0,0.0,0.0,82.0,slow freeze,Literature
0.2 M Trehalose + 10% DMSO + 20% FBS in L-15 media,1279.9180852425445,20.0,0.0,200.0,0.0,0.0,0.0,0.0,0.0,0.0,0.0,0.0,0.0,0.0,0.0,75.0,slow freeze,Literature
0.2 M Trehalose + 10% DMSO + 20% FBS in L-15 media,1279.9180852425445,20.0,0.0,200.0,0.0,0.0,0.0,0.0,0.0,0.0,0.0,0.0,0.0,0.0,0.0,66.0,slow freeze,Literature
0.1 M Sucrose + 1.5 M EG + 20% FBS in L-15 media,0.0,20.0,100.0,0.0,1500.0,0.0,0.0,0.0,0.0,0.0,0.0,0.0,0.0,0.0,0.0,80.0,slow freeze,Literature
0.1 M Sucrose + 1.5 M EG + 20% FBS in L-15 media,0.0,20.0,100.0,0.0,1500.0,0.0,0.0,0.0,0.0,0.0,0.0,0.0,0.0,0.0,0.0,71.0,slow freeze,Literature
0.1 M Sucrose + 1.5 M EG + 20% FBS in L-15 media,0.0,20.0,100.0,0.0,1500.0,0.0,0.0,0.0,0.0,0.0,0.0,0.0,0.0,0.0,0.0,65.0,slow freeze,Literature
10% DMSO + 20% FBS in DMEM/F-12 media,1279.9180852425445,20.0,0.0,0.0,0.0,0.0,0.0,0.0,0.0,0.0,0.0,0.0,0.0,0.0,0.0,85.0,slow freeze,Literature
10% DMSO + 20% FBS in DMEM/F-12 media,1279.9180852425445,20.0,0.0,0.0,0.0,0.0,0.0,0.0,0.0,0.0,0.0,0.0,0.0,0.0,0.0,78.0,slow freeze,Literature
10% DMSO + 20% FBS in DMEM/F-12 media,1279.9180852425445,20.0,0.0,0.0,0.0,0.0,0.0,0.0,0.0,0.0,0.0,0.0,0.0,0.0,0.0,67.0,slow freeze,Literature
"95% FBS, 5% DMSO",639.9590426212723,95.0,0.0,0.0,0.0,0.0,0.0,0.0,0.0,0.0,0.0,0.0,0.0,0.0,0.0,68.5,slow freeze,Literature
"92.5% FBS, 7.5% DMSO",959.9385639319084,92.5,0.0,0.0,0.0,0.0,0.0,0.0,0.0,0.0,0.0,0.0,0.0,0.0,0.0,69.5,slow freeze,Literature
"90% FBS, 10% DMSO",1279.9180852425445,90.0,0.0,0.0,0.0,0.0,0.0,0.0,0.0,0.0,0.0,0.0,0.0,0.0,0.0,73.5,slow freeze,Literature
"95% FBS, 5% DMSO + 0.2M sucrose",639.9590426212723,95.0,200.0,0.0,0.0,0.0,0.0,0.0,0.0,0.0,0.0,0.0,0.0,0.0,0.0,70.0,slow freeze,Literature
"92.5% FBS, 7.5% DMSO + 0.2M sucrose",959.9385639319084,92.5,200.0,0.0,0.0,0.0,0.0,0.0,0.0,0.0,0.0,0.0,0.0,0.0,0.0,71.0,slow freeze,Literature
"90% FBS, 10% DMSO + 0.2M sucrose",1279.9180852425445,90.0,200.0,0.0,0.0,0.0,0.0,0.0,0.0,0.0,0.0,0.0,0.0,0.0,0.0,73.1,slow freeze,Literature
"95% FBS, 5% Ethylene Glycol",0.0,95.0,0.0,0.0,805.5421298533913,0.0,0.0,0.0,0.0,0.0,0.0,0.0,0.0,0.0,0.0,69.6,slow freeze,Literature
"92.5% FBS, 7.5% Ethylene Glycol",0.0,92.5,0.0,0.0,1208.313194780087,0.0,0.0,0.0,0.0,0.0,0.0,0.0,0.0,0.0,0.0,72.0,slow freeze,Literature
"90% FBS, 10% Ethylene Glycol",0.0,90.0,0.0,0.0,1611.0842597067826,0.0,0.0,0.0,0.0,0.0,0.0,0.0,0.0,0.0,0.0,73.8,slow freeze,Literature
"95% FBS, 5% Ethylene Glycol + 0.2M sucrose",0.0,95.0,200.0,0.0,805.5421298533913,0.0,0.0,0.0,0.0,0.0,0.0,0.0,0.0,0.0,0.0,68.2,slow freeze,Literature
"92.5% FBS, 7.5% Ethylene Glycol + 0.2M sucrose",0.0,92.5,200.0,0.0,1208.313194780087,0.0,0.0,0.0,0.0,0.0,0.0,0.0,0.0,0.0,0.0,73.0,slow freeze,Literature
"90% FBS, 10% Ethylene Glycol + 0.2M sucrose",0.0,90.0,200.0,0.0,1611.0842597067826,0.0,0.0,0.0,0.0,0.0,0.0,0.0,0.0,0.0,0.0,74.9,slow freeze,Literature
"95% FBS, 5% Glycerol",0.0,95.0,0.0,0.0,0.0,0.0,0.0,0.0,542.947116950809,0.0,0.0,0.0,0.0,0.0,0.0,42.4,slow freeze,Literature
"92.5% FBS, 7.5% Glycerol",0.0,92.5,0.0,0.0,0.0,0.0,0.0,0.0,814.4206754262135,0.0,0.0,0.0,0.0,0.0,0.0,47.6,slow freeze,Literature
"90% FBS, 10% Glycerol",0.0,90.0,0.0,0.0,0.0,0.0,0.0,0.0,1085.894233901618,0.0,0.0,0.0,0.0,0.0,0.0,52.1,slow freeze,Literature
"95% FBS, 5% Glycerol + 0.2M sucrose",0.0,95.0,200.0,0.0,0.0,0.0,0.0,0.0,542.947116950809,0.0,0.0,0.0,0.0,0.0,0.0,50.3,slow freeze,Literature
"92.5% FBS, 7.5% Glycerol + 0.2M sucrose",0.0,92.5,200.0,0.0,0.0,0.0,0.0,0.0,814.4206754262135,0.0,0.0,0.0,0.0,0.0,0.0,55.3,slow freeze,Literature
"90% FBS, 10% Glycerol+ 0.2M sucrose",0.0,90.0,200.0,0.0,0.0,0.0,0.0,0.0,1085.894233901618,0.0,0.0,0.0,0.0,0.0,0.0,69.0,slow freeze,Literature
90% human serum (HS)+10% DMSO,1279.9180852425445,90.0,0.0,0.0,0.0,0.0,0.0,0.0,0.0,0.0,0.0,0.0,0.0,0.0,0.0,90.0,slow freeze,Literature
α-MEM with 0.2M Sucrose,0.0,0.0,200.0,0.0,0.0,0.0,0.0,0.0,0.0,0.0,0.0,0.0,0.0,0.0,0.0,45.0,slow freeze,Literature
α-MEM with 0.2M Sucrose + 1% DMSO,127.99180852425445,0.0,200.0,0.0,0.0,0.0,0.0,0.0,0.0,0.0,0.0,0.0,0.0,0.0,0.0,68.0,slow freeze,Literature
α-MEM with 0.2M Sucrose + 2% DMSO,255.9836170485089,0.0,200.0,0.0,0.0,0.0,0.0,0.0,0.0,0.0,0.0,0.0,0.0,0.0,0.0,68.9,slow freeze,Literature
α-MEM with 0.2M Sucrose + 5% DMSO,639.9590426212723,0.0,200.0,0.0,0.0,0.0,0.0,0.0,0.0,0.0,0.0,0.0,0.0,0.0,0.0,79.6,slow freeze,Literature
α-MEM with 0.2M Sucrose + 10% DMSO,1279.9180852425445,0.0,200.0,0.0,0.0,0.0,0.0,0.0,0.0,0.0,0.0,0.0,0.0,0.0,0.0,85.6,slow freeze,Literature
PPP with 0.2M Sucrose,0.0,0.0,200.0,0.0,0.0,0.0,0.0,0.0,0.0,0.0,0.0,0.0,0.0,0.0,0.0,0.0,slow freeze,Literature
PPP with 0.2M Sucrose + 1% DMSO,127.99180852425445,0.0,200.0,0.0,0.0,0.0,0.0,0.0,0.0,0.0,0.0,0.0,0.0,0.0,0.0,77.0,slow freeze,Literature
PPP with 0.2M Sucrose + 2% DMSO,255.9836170485089,0.0,200.0,0.0,0.0,0.0,0.0,0.0,0.0,0.0,0.0,0.0,0.0,0.0,0.0,79.0,slow freeze,Literature
PPP with 0.2M Sucrose + 5% DMSO,639.9590426212723,0.0,200.0,0.0,0.0,0.0,0.0,0.0,0.0,0.0,0.0,0.0,0.0,0.0,0.0,83.0,slow freeze,Literature
PPP with 0.2M Sucrose + 10% DMSO,1279.9180852425445,0.0,200.0,0.0,0.0,0.0,0.0,0.0,0.0,0.0,0.0,0.0,0.0,0.0,0.0,86.5,slow freeze,Literature
"electroporation buffer (10 mM K2HPO4, 10 mM KH2PO4, 1 mM MgCl2)",0.0,0.0,0.0,0.0,0.0,0.0,0.0,0.0,0.0,0.0,2.0,20.0,10.0,0.0,0.0,5.0,slow freeze,Literature
electroporation buffer + 10 mM trehalose,0.0,0.0,0.0,10.0,0.0,0.0,0.0,0.0,0.0,0.0,0.0,0.0,0.0,0.0,0.0,6.0,slow freeze,Literature
electroporation buffer + 50 mM trehalose,0.0,0.0,0.0,50.0,0.0,0.0,0.0,0.0,0.0,0.0,0.0,0.0,0.0,0.0,0.0,12.5,slow freeze,Literature
electroporation buffer + 100 mM trehalose,0.0,0.0,0.0,100.0,0.0,0.0,0.0,0.0,0.0,0.0,0.0,0.0,0.0,0.0,0.0,40.0,slow freeze,Literature
electroporation buffer + 250 mM trehalose,0.0,0.0,0.0,250.0,0.0,0.0,0.0,0.0,0.0,0.0,0.0,0.0,0.0,0.0,0.0,72.0,slow freeze,Literature
"electroporation buffer (10 mM K2HPO4, 10 mM KH2PO4, 1 mM MgCl2)",0.0,0.0,0.0,0.0,0.0,0.0,0.0,0.0,0.0,0.0,2.0,20.0,10.0,0.0,0.0,2.0,slow freeze,Literature
electroporation buffer + 10 mM trehalose,0.0,0.0,0.0,10.0,0.0,0.0,0.0,0.0,0.0,0.0,0.0,0.0,0.0,0.0,0.0,4.0,slow freeze,Literature
electroporation buffer + 50 mM trehalose,0.0,0.0,0.0,50.0,0.0,0.0,0.0,0.0,0.0,0.0,0.0,0.0,0.0,0.0,0.0,14.0,slow freeze,Literature
electroporation buffer + 100 mM trehalose,0.0,0.0,0.0,100.0,0.0,0.0,0.0,0.0,0.0,0.0,0.0,0.0,0.0,0.0,0.0,38.0,slow freeze,Literature
electroporation buffer + 250 mM trehalose,0.0,0.0,0.0,250.0,0.0,0.0,0.0,0.0,0.0,0.0,0.0,0.0,0.0,0.0,0.0,82.0,slow freeze,Literature
"electroporation buffer (10 mM K2HPO4, 10 mM KH2PO4, 1 mM MgCl2) + 250 mM",0.0,0.0,0.0,0.0,0.0,0.0,0.0,0.0,0.0,0.0,2.0,20.0,10.0,0.0,0.0,82.0,slow freeze,Literature
"electroporation buffer (10 mM K2HPO4, 10 mM KH2PO4, 1 mM MgCl2) + 450 mM",0.0,0.0,0.0,0.0,0.0,0.0,0.0,0.0,0.0,0.0,2.0,20.0,10.0,0.0,0.0,75.0,slow freeze,Literature
